short_name,long_name,definition,expected_value,syntax,example,occurrence,section,migs_eu,migs_ba,migs_pl,migs_vi,migs_org,me,mimarks_s,mimarks_c,misag,mimag,mibig,pos,preferred_unit
submitted_to_insdc,submitted to insdc,"Depending on the study (large-scale e.g. done with next generation sequencing technology, or small-scale) sequences have to be submitted to SRA (Sequence Read Archive), DRA (DDBJ Read Archive) or via the classical Webin/Sequin systems to Genbank, ENA and DDBJ. Although this field is mandatory, it is meant as a self-test field, therefore it is not necessary to include this field in contextual data submitted to databases",boolean,{boolean},,1,investigation,M,M,M,M,M,M,M,M,M,M,M,1,
investigation_type,investigation type,"Nucleic Acid Sequence Report is the root element of all MIGS/MIMS compliant reports as standardized by Genomic Standards Consortium. This field is either eukaryote,bacteria,virus,plasmid,organelle, metagenome,mimarks-survey, mimarks-specimen, metatranscriptome, biosynthetic gene cluster, single amplified genome, or metagenome-assembled genome","eukaryote, bacteria_archaea, plasmid, virus, organelle, metagenome,mimarks-survey, mimarks-specimen, metatranscriptome, biosynthetic gene cluster, single amplified genome, or metagenome-assembled genome",[eukaryote|bacteria_archaea|plasmid|virus|organelle|metagenome|mimarks-survey|mimarks-specimen|metatranscriptome|mibig|misag|mimag],,1,investigation,M,M,M,M,M,M,M,M,M,M,M,2,
project_name,project name,Name of the project within which the sequencing was organized,,{text},,1,investigation,M,M,M,M,M,M,M,M,M,M,M,3,
experimental_factor,experimental factor,"Experimental factors are essentially the variable aspects of an experiment design which can be used to describe an experiment, or set of experiments, in an increasingly detailed manner. This field accepts ontology terms from Experimental Factor Ontology (EFO) and/or Ontology for Biomedical Investigations (OBI). For a browser of EFO (v 2.43) terms, please see http://purl.bioontology.org/ontology/EFO; for a browser of OBI (v 2013-10-25) terms please see http://purl.bioontology.org/ontology/OBI",text or EFO and/or OBI,{term|text},,1,investigation,X,X,X,X,X,C,C,X,C,C,X,4,
lat_lon,geographic location (latitude and longitude),The geographical origin of the sample as defined by latitude and longitude. The values should be reported in decimal degrees and in WGS84 system,decimal degrees,{float} {float},,1,environment,M,M,M,M,M,M,M,M,M,M,M,5,
depth,geographic location (depth),Please refer to the definitions of depth in the environmental packages,-,-,,0,environment,E,E,E,E,E,E,E,E,E,E,E,6,
alt_elev,geographic location (altitude/elevation),Please refer to the definitions of either altitude or elevation in the environmental packages,-,-,,0,environment,E,E,E,E,E,E,E,E,E,E,E,7,
geo_loc_name,"geographic location (country and/or sea,region)","The geographical origin of the sample as defined by the country or sea name followed by specific region name. Country or sea names should be chosen from the INSDC country list (http://insdc.org/country.html), or the GAZ ontology (v 1.512) (http://purl.bioontology.org/ontology/GAZ)",country or sea name (INSDC or GAZ);region(GAZ);specific location name,{term};{term};{text},Germany:Sylt:Hausstrand,1,environment,M,M,M,M,M,M,M,M,M,M,M,8,
collection_date,collection date,"The time of sampling, either as an instance (single point in time) or interval. In case no exact time is available, the date/time can be right truncated i.e. all of these are valid times: 2008-01-23T19:23:10+00:00; 2008-01-23T19:23:10; 2008-01-23; 2008-01; 2008; Except: 2008-01; 2008 all are ISO8601 compliant",date and time,{timestamp},,1,environment,M,M,M,M,M,M,M,M,M,M,M,9,
env_biome,environment (biome),"See http://www.environmentontology.org/annotation-guidelines. Include multiple biomes separated by a pipe, if appropriate. EnvO's biome class and its subclasses are intended to identify the ecosystem in which an entity of interest is embedded (i.e. the entity is a component of that system). In order for an ecosystem to qualify as a biome, ecological communities (or representatives thereof) resident in an ecosystem must have evolved adaptations to that ecosystem. Thus, biomes possess an evolutionarily consequential degree of temporal and spatial stability. Recommend subclasses of biome [ENVO:00000428]","Add terms that identify the ecosystem/biome from which the entity comes, multiple terms can be separated by pipes e.g.  mangrove biome [ENVO:01000181] | estuarine biome [ENVO:01000020]. Recommend subclasses of biome [ENVO:00000428]",{term},,1,environment,C,M,M,M,M,M,M,M,M,M,M,10,
env_feature,environment (feature),"See http://www.environmentontology.org/annotation-guidelines. Include multiple features separated by a pipe, if appropriate. EnvO's environmental feature class and its subclasses are intended to identify environmental entities which have a strong, causal influence upon an entity of interest at the time of observation or sampling. For example, consider the observation of a camel watering at an oasis. While the camel is a component of a desert biome [ENVO:01000179], it is strongly influenced by a desert oasis [ENVO:00000156] during the observation. Other examples include natural features like cliff or lake, locations on the body like hand or colon, and man-made structures like building or car. Recommend subclasses of environmental feature [ENVO:00002297]","Add terms that identify environmental entities having causal influences upon the entity at time of sampling, multiple terms can be separated by pipes, e.g.,  shoreline [ENVO:00000486] | intertidal zone [ENVO:00000316]. Recommend subclasses of environmental feature [ENVO:00002297]",{term},,1,environment,C,M,M,M,M,M,M,M,M,M,M,11,
env_material,environment (material),"See http://www.environmentontology.org/annotation-guidelines. EnvO's environmental material class and its subclasses are intended to identify the medium or media present in an environment displaced by or in contact with a given entity. A pelagic fish swimming in the middle of the Atlantic Ocean would thus have ocean water [ENVO:00002151] as its environmental material. Similarly, an individual from the species Helicobacter pylori found in the human gastric mucosa could be annotated with mucus [ENVO:02000040] as its environmental material. Many entities will displace more than one environmental material and, ideally, all of these should be identified.Recommend subclasses of environmental material [ENVO:00010483]","Add terms that identify the thing (medium/media) displaced by the entity at time of sampling, multiple terms can be separated by pipes e.g. estuarine water [ENVO:01000301] | estuarine mud [ENVO:00002160]. Recommend subclasses of environmental material [ENVO:00010483]",{term},,1,environment,M,M,M,M,M,M,M,M,M,M,M,12,
env_package,environmental package,"MIGS/MIMS/MIMARKS extension for reporting of measurements and observations obtained from one or more of the environments where the sample was obtained. All environmental packages listed here are further defined in separate subtables. By giving the name of the environmental package, a selection of fields can be made from the subtables and can be reported",enumeration,[air|built environment|host-associated|human-associated|human-skin|human-oral|human-gut|human-vaginal|microbial mat/biofilm|misc environment|plant-associated|sediment|soil|wastewater/sludge|water],,1,migs/mims/mimarks extension,C,C,C,C,C,M,M,M,M,M,M,13,
subspecf_gen_lin,subspecific genetic lineage,"This should provide further information about the genetic distinctness of the sequenced organism by recording additional information i.e biovar, serovar, serotype, biovar, or any relevant genetic typing schemes like Group I plasmid. It can also contain alternative taxonomic information. It should contain both the lineage name, and the lineage rank, i.e. biovar:abc123","genetic lineage below lowest rank of NCBI taxonomy, which is subspecies, e.g. serovar, biotype, ecotype",{rank name}:{text},,1,nucleic acid sequence source,C,C,C,C,C,-,-,C,-,-,C,14,
ploidy,ploidy,"The ploidy level of the genome (e.g. allopolyploid, haploid, diploid, triploid, tetraploid). It has implications for the downstream study of duplicated gene and regions of the genomes (and perhaps for difficulties in assembly). For terms, please select terms listed under class ploidy (PATO:001374) of Phenotypic Quality Ontology (PATO), and for a browser of PATO (v 2013-10-28) please refer to http://purl.bioontology.org/ontology/PATO",PATO,{term},"allopolyploid, polyploid",1,nucleic acid sequence source,X,-,-,-,-,-,-,-,-,-,X,15,
num_replicons,number of replicons,"Reports the number of replicons in a nuclear genome of eukaryotes, in the genome of a bacterium or archaea or the number of segments in a segmented virus. Always applied to the haploid chromosome count of a eukaryote",for eukaryotes and bacteria: chromosomes (haploid count); for viruses: segments,{integer},,1,nucleic acid sequence source,X,M,-,C,-,-,-,-,-,-,X,16,
extrachrom_elements,extrachromosomal elements,Do plasmids exist of significant phenotypic consequence (e.g. ones that determine virulence or antibiotic resistance). Megaplasmids? Other plasmids (borrelia has 15+ plasmids),number of extrachromosmal elements,{integer},,1,nucleic acid sequence source,X,C,-,-,C,-,-,X,-,-,X,17,
estimated_size,estimated size,The estimated size of the genome prior to sequencing. Of particular importance in the sequencing of (eukaryotic) genome which could remain in draft form for a long or unspecified period.,number of base pairs,{integer} bp,300000 bp,1,nucleic acid sequence source,X,X,X,X,X,-,-,-,-,-,X,18,
ref_biomaterial,reference for biomaterial,"Primary publication if isolated before genome publication; otherwise, primary genome report","PMID, DOI or URL",{PMID}|{DOI}|{URL},,1,nucleic acid sequence source,X,M,X,X,X,X,-,-,X,X,X,19,
source_mat_id,source material identifiers,"A unique identifier assigned to a material sample (as defined by http://rs.tdwg.org/dwc/terms/materialSampleID, and as opposed to a particular digital record of a material sample) used for extracting nucleic acids, and subsequent sequencing. The identifier can refer either to the original material collected or to any derived sub-samples. The INSDC qualifiers /specimen_voucher, /bio_material, or /culture_collection may or may not share the same value as the source_mat_id field. For instance, the /specimen_voucher qualifier and source_mat_id may both contain 'UAM:Herps:14' , referring to both the specimen voucher and sampled tissue with the same identifier. However, the /culture_collection qualifier may refer to a value from an initial culture (e.g. ATCC:11775) while source_mat_id would refer to an identifier from some derived culture from which the nucleic acids were extracted (e.g. xatc123 or ark:/2154/R2).",for cultures of microorganisms: identifiers for two culture collections; for other material a unique arbitrary identifer,{text},,m,nucleic acid sequence source,C,C,C,C,C,C,C,C,C,C,C,20,
pathogenicity,known pathogenicity,To what is the entity pathogenic,names of organisms that the entity is pathogenic to,{text},"human, animal, plant, fungi, bacteria",1,nucleic acid sequence source,C,C,-,C,-,-,-,-,-,-,C,21,
biotic_relationship,observed biotic relationship,"Description of relationship(s) between the subject organism and other organism(s) it is associated with. E.g., parasite on species X; mutualist with species Y. The target organism is the subject of the relationship, and the other organism(s) is the object",enumeration,[free living|parasitism|commensalism|symbiotic|mutualism],,1,nucleic acid sequence source,X,C,-,X,-,-,-,C,-,-,X,22,
specific_host,specific host,"If there is a host involved, please provide its taxid (or environmental if not actually isolated from the dead or alive host - i.e. pathogen could be isolated from a swipe of a bench etc) and report whether it is a laboratory or natural host). From this we can calculate any number of groupings of hosts (e.g. animal vs plant, all fish hosts, etc)","host taxid, unknown, environmental",{NCBI taxid}|{text},,1,nucleic acid sequence source,X,C,C,C,-,-,-,-,-,-,X,23,
host_spec_range,host specificity or range,The NCBI taxonomy identifier of the specific host if it is known,NCBI taxid,{integer},,1,nucleic acid sequence source,X,X,X,C,-,-,-,-,-,-,X,24,
health_disease_stat,health or disease status of specific host at time of collection,Health or disease status of specific host at time of collection,enumeration,[healthy|diseased|dead|disease-free|undetermined|recovering|resolving|pre-existing condition|pathological|life threatening|healthy|congenital],,1,nucleic acid sequence source,X,C,-,C,-,-,-,-,-,-,X,25,
trophic_level,trophic level,Trophic levels are the feeding position in a food chain. Microbes can be a range of producers (e.g. chemolithotroph),enumeration,[autotroph| carboxydotroph| chemoautotroph| chemoheterotroph| chemolithoautotroph| chemolithotroph| chemoorganoheterotroph| chemoorganotroph| chemosynthetic| chemotroph| copiotroph| diazotroph| facultative| autotroph| heterotroph| lithoautotroph| lithoheterotroph| lithotroph| methanotroph| methylotroph| mixotroph| obligate| chemoautolithotroph| oligotroph| organoheterotroph| organotroph| photoautotroph| photoheterotroph|photolithoautotroph| photolithotroph| photosynthetic| phototroph],,1,nucleic acid sequence source,C,C,-,-,-,-,-,C,-,-,C,26,
propagation,propagation,"This field is specific to different taxa. For phages: lytic/lysogenic, for plasmids: incompatibility group, for eukaryotes: sexual/asexual (Note: there is the strong opinion to name phage propagation obligately lytic or temperate, therefore we also give this choice","for virus: lytic, lysogenic, temperate, obligately lytic; for plasmid: incompatibility group; for eukaryote: asexual, sexual",{term},,1,nucleic acid sequence source,C,-,M,M,-,-,-,-,-,-,C,27,
encoded_traits,encoded traits,"Should include key traits like antibiotic resistance or xenobiotic degradation phenotypes for plasmids, converting genes for phage",for plasmid: antibiotic resistance; for phage: converting genes,{text},,1,nucleic acid sequence source,-,X,C,C,-,-,-,-,-,-,-,28,
rel_to_oxygen,relationship to oxygen,"Is this organism an aerobe, anaerobe? Please note that aerobic and anaerobic are valid descriptors for microbial environments",enumeration,[aerobe|anaerobe|facultative|microaerophilic|microanaerobe|obligate aerobe|obligate anaerobe],,1,nucleic acid sequence source,-,C,-,-,-,X,X,C,X,X,-,29,
isol_growth_condt,isolation and growth condition,"Publication reference in the form of pubmed ID (pmid), digital object identifier (doi) or url for isolation and growth condition specifications of the organism/material","PMID,DOI or URL",{PMID}|{DOI}|{URL},,1,nucleic acid sequence source,M,M,M,M,M,-,-,M,-,-,X,30,
samp_collect_device,sample collection device or method,The method or device employed for collecting the sample,type name,{text},"biopsy, niskin bottle, push core",1,nucleic acid sequence source,X,X,X,X,X,C,C,X,C,C,X,31,
samp_mat_process,sample material processing,"Any processing applied to the sample during or after retrieving the sample from environment. This field accepts OBI, for a browser of OBI (v 2013-10-25) terms please see http://purl.bioontology.org/ontology/OBI",text or OBI,{text|term},"filtering of seawater, storing samples in ethanol",1,nucleic acid sequence source,X,X,X,X,X,C,C,C,C,C,X,32,
samp_size,amount or size of sample collected,"Amount or size of sample (volume, mass or area) that was collected",measurement value,{float} {unit},,1,nucleic acid sequence source,X,X,X,X,X,C,C,X,C,C,X,33,"millliter, gram, milligram"
nucl_acid_ext,nucleic acid extraction,"A link to a literature reference, electronic resource or a standard operating procedure (SOP), that describes the material separation to recover the nucleic acid fraction from a sample","PMID, DOI or URL",{PMID}|{DOI}|{URL},,1,sequencing,C,C,C,C,C,C,C,C,C,C,C,34,
nucl_acid_amp,nucleic acid amplification,"A link to a literature reference, electronic resource or a standard operating procedure (SOP), that describes the enzymatic amplification (PCR, TMA, NASBA) of specific nucleic acids","PMID, DOI or URL",{PMID}|{DOI}|{URL},,1,sequencing,C,C,C,C,C,C,C,C,C,C,C,35,
lib_size,library size,Total number of clones in the library prepared for the project,number of clones,{integer},,1,sequencing,X,X,X,X,X,C,C,-,C,C,X,36,
lib_reads_seqd,library reads sequenced,Total number of clones sequenced from the library,number of reads sequenced,{integer},,1,sequencing,X,X,X,X,X,C,C,-,C,C,X,37,
lib_const_meth,library construction method,Library construction method used for clone libraries,library construction method,{text},"paired-end,single,vector",1,sequencing,X,X,X,X,X,C,C,-,C,C,X,38,
lib_vector,library vector,Cloning vector type(s) used in construction of libraries,vector,{text},,1,sequencing,X,X,X,X,X,C,C,-,C,C,X,39,
lib_screen,library screening strategy,Specific enrichment or screening methods applied before and/or after creating clone libraries,screening strategy name,{text},"enriched, screened, normalized",1,sequencing,X,X,X,X,X,C,C,-,C,C,X,40,
target_gene,target gene,Targeted gene or locus name for marker gene studies,gene name,{text},"16S rRNA, 18S rRNA, nif, amoA, rpo",1,sequencing,-,-,-,-,-,-,M,M,-,-,-,41,
target_subfragment,target subfragment,Name of subfragment of a gene or locus. Important to e.g. identify special regions on marker genes like V6 on 16S rRNA,gene fragment name,{text},"V6, V9, ITS",1,sequencing,-,-,-,-,-,-,C,C,-,-,-,42,
pcr_primers,pcr primers,"PCR primers that were used to amplify the sequence of the targeted gene, locus or subfragment. This field should contain all the primers used for a single PCR reaction if multiple forward or reverse primers are present in a single PCR reaction. The primer sequence should be reported in uppercase letters",FWD: forward primer sequence;REV:reverse primer sequence,FWD:{dna};REV:{dna},,1,sequencing,-,-,-,-,-,-,C,C,-,-,-,43,
mid,multiplex identifiers,"Molecular barcodes, called Multiplex Identifiers (MIDs), that are used to specifically tag unique samples in a sequencing run. Sequence should be reported in uppercase letters",multiplex identifier sequence,{dna},,1,sequencing,-,-,-,-,-,C,C,-,C,C,-,44,
adapters,adapters,Adapters provide priming sequences for both amplification and sequencing of the sample-library fragments. Both adapters should be reported; in uppercase letters,adapter A and B sequence,"{dna},{dna}",,1,sequencing,C,C,C,C,C,C,C,-,C,C,-,45,
pcr_cond,pcr conditions,Description of reaction conditions and components for PCR in the form of  'initial denaturation:94degC_1.5min; annealing=...',initial denaturation:degrees_minutes;annealing:degrees_minutes;elongation:degrees_minutes;final elongation:degrees_minutes;total cycles,initial denaturation:degrees_minutes;annealing:degrees_minutes;elongation:degrees_minutes;final elongation:degrees_minutes;total cycles,,1,sequencing,-,-,-,-,-,-,C,C,-,-,-,46,
seq_meth,sequencing method,"Sequencing method used; e.g. Sanger, pyrosequencing, ABI-solid",,{text},"Sanger dideoxysequencing, pyrosequencing, polony",1,sequencing,M,M,M,M,M,M,M,M,M,M,M,47,
seq_quality_check,sequence quality check,"Indicate if the sequence has been called by automatic systems (none) or undergone a manual editing procedure (e.g. by inspecting the raw data or chromatograms). Applied only for sequences that are not submitted to SRA,ENA or DRA",none or manually edited,[none|manually edited],,1,sequencing,-,-,-,-,-,-,C,C,-,-,-,48,
chimera_check,chimera check,"A chimeric sequence, or chimera for short, is a sequence comprised of two or more phylogenetically distinct parent sequences. Chimeras are usually PCR artifacts thought to occur when a prematurely terminated amplicon reanneals to a foreign DNA strand and is copied to completion in the following PCR cycles. The point at which the chimeric sequence changes from one parent to the next is called the breakpoint or conversion point ",name and version of software,{text} {text},,1,sequencing,-,-,-,-,-,-,C,C,-,-,-,49,
assembly,assembly,How was the assembly done (e.g. with a text based assembler like phrap or a flowgram assembler); estimated error rate associated with the finished sequences (e.g. error rate of 1 in 1000 bp); and the method of calculation,assembly method; estimated error rate; method of calculation,{text};{text};{text},,1,sequencing,M,M,M,M,M,M,C,-,,,X,51,
tax_id,taxa ID,The phylogenetic marker(s) used to assign an organism name to the SAG or MAG,enumeration,[16S rRNA gene|multi-marker approach|other],,1,sequencing,C,C,C,C,C,-,-,-,M,M,C,50,
assembly_qual,assembly quality,"the assembly quality category (high, med or low) based on sets of criteria outlined for each assembly quality category. Finished: Single, validated, contiguous sequence per replicon without gaps or ambiguities with a consensus error rate equivalent to Q50 or better. High Quality Draft:Multiple fragments where gaps span repetitive regions. Presence of the 23S, 16S and 5S rRNA genes and at least 18 tRNAs. Medium Quality Draft:Many fragments with little to no review of assembly other than reporting of standard assembly statistics. Low Quality Draft:Many fragments with little to no review of assembly other than reporting of standard assembly statistics. Assembly statistics include, but are not limited to total assembly size, number of contigs, contig N50/L50, and maximum contig length. ",enumeration,[high|med|low],,1,sequencing,M,M,X,X,X,C,-,-,M,M,X,51,
assembly_name,assembly name,Name/version of the assembly provided by the submitter that is used in the genome browsers and in the community,name and version of assembly,{text} {text},"HuRef, JCVI_ISG_i3_1.0",1,sequencing,C,C,C,C,C,C,-,-,C,C,X,52,
finishing_strategy,finishing strategy,"Was the genome project intended to produce a complete or draft genome, Coverage, the fold coverage of the sequencing expressed as 2x, 3x, 18x  etc, and how many contigs were produced for the genome",status; coverage; number of contigs,[complete|draft];{integer};{integer},,1,sequencing,X,X,X,X,X,X,-,-,X,X,X,54,
annot_source,annotation source,For cases where annotation was provided by a community jamboree or model organism database rather than by a specific submitter,annotation source description,{text},,1,sequencing,C,C,C,C,C,C,-,-,,,X,54,
assembly_software,assembly software,Tool used for assembly,name and version of software,{text} {text},,m,sequencing,M,M,M,M,M,C,C,-,M,M,X,53,
annot,annotation,"Tool used for annotation, or for cases where annotation was provided by a community jamboree or model organism database rather than by a specific submitter","name of tool or pipeline used, or annotation source description",{text},,1,sequencing,C,C,C,C,C,C,-,-,X,X,X,54,
number_contig,number of contigs,"Total number of contigs in the cleaned/submitted assembly that makes up a given genome, SAG, or MAG",value,{integer},,1,sequencing,M,M,X,X,X,C,-,-,X,X,X,55,
16s_recover,16S recovered,Can a 16S gene be recovered from the submitted SAG or MAG?,boolean,{boolean},,1,sequencing,-,-,-,-,-,-,-,-,X,X,-,56,
16s_recover_software,16S recovery software,Tools used for 16S rRNA gene extraction,name of tool(s),{text},,1,sequencing,-,-,-,-,-,-,-,-,X,X,-,57,
trnas,number of standard tRNAs extracted,The total number of tRNAs identified from the SAG or MAG,value from 0-21,{integer},,1,sequencing,-,-,-,-,-,-,-,-,X,X,-,58,
trna_ext_software,tRNA extraction software,Tools used for tRNA identification,name of tool(s),{text},,1,sequencing,-,-,-,-,-,-,-,-,X,X,-,59,
compl_score,completeness score,"Completeness score is typically based on either the fraction of markers found as compared to a database or the percent of a genome found as compared to a closely related reference genome. High Quality Draft: >90%, Medium Quality Draft: >50%, and Low Quality Draft: < 50% should have the indicated completeness scores",quality;percent completeness,[high|med|low];{percentage},,1,sequencing,X,X,X,X,X,-,-,-,M,M,X,60,
compl_software,completeness software,"Tools used for completion estimate, i.e. checkm, anvi'o, busco",name of tool(s),{text},,1,sequencing,-,-,-,-,-,-,-,-,M,M,-,61,
compl_appr,completeness approach,"The approach used to determine the completeness of a given SAG or MAG, which would typically make use of a set of conserved marker genes or a closely related reference genome",enumeration,[marker gene|reference based|other],,1,sequencing,-,-,-,-,-,-,-,-,X,X,-,62,
contam_score,contamination score ,"The contamination score is based on the fraction of single-copy genes that are observed more than once in a query genome. The following scores are acceptable for; High Quality Draft: < 5%, Medium Quality Draft: < 10%, Low Quality Draft: < 10%. Contamination must be below 5% for a SAG or MAG to be deposited into any of the public databases",value,{float} percentage,,1,sequencing,-,-,-,-,-,-,-,-,M,M,-,63,
contam_screen_input,contamination screening input,The type of sequence data used as input,enumeration,"reads, contigs",,1,sequencing,-,-,-,-,-,-,-,-,X,X,-,64,
contam_screen_param,contamination screening parameters,"Specific parameters used in the decontamination sofware, such as reference database, coverage, and kmers. Combinations of these parameters may also be used, i.e. kmer and coverage, or reference database and kmer",enumeration;value or name,[ref db|kmer|coverage|combination];{text|integer},,1,sequencing,-,-,-,-,-,-,-,-,X,X,-,65,
decontam_software,decontamination software,Tool(s) used in contamination screening,enumeration,[checkm/refinem|anvi'o|prodege|bbtools:decontaminate.sh|acdc|combination],,1,sequencing,-,-,-,-,-,-,-,-,X,X,-,66,
sort_tech,sorting technology,Method used to sort/isolate cells of interest,enumeration,[flow cytometric cell sorting|microfluidics|lazer-tweezing|optical manipulation|micromanipulation|other],,1,sequencing,-,-,-,-,-,-,-,-,M,-,-,67,
single_cell_lysis_appr,single cell lysis approach,Method used to free DNA from interior of the cell(s),enumeration,[chemical|enzymatic|physical|combination],,1,sequencing,-,-,-,-,-,-,-,-,M,-,-,68,
single_cell_lysis_prot,single cell lysis kit protocol,Name of the kit or standard protocol used for cell(s) lysis,"kit, protocol name","kit, protocol name",,1,sequencing,-,-,-,-,-,-,-,-,X,-,-,69,
wga_amp_appr,WGA amplication approach,Method used to amplify genomic DNA in preparation for sequencing,enumeration,[pcr based|mda based],,1,sequencing,-,-,-,-,-,-,-,-,M,-,-,70,
wga_amp_kit,WGA amplification kit,Kit used to amplify genomic DNA in preparation for sequencing,kit name,{text},,1,sequencing,-,-,-,-,-,-,-,-,X,-,-,71,
bin_param,binning parameters,The parameters that have been applied during the extraction of genomes from metagenomic datasets,enumeration,[homology search|kmer|coverage|codon usage|combination],,1,sequencing,-,-,-,-,-,-,-,-,-,M,-,72,
bin_software,binning software,Tool(s) used for the extraction of genomes from metagenomic datasets,enumeration,[metabat|maxbin|concoct|groupm|esom|metawatt|combination|other],,1,sequencing,-,-,-,-,-,-,-,-,-,M,-,73,
reassembly_bin,reassembly post binning,Has an assembly been performed on a genome bin extracted from a metagenomic assembly?,boolean,{boolean},,1,sequencing,-,-,-,-,-,-,-,-,-,X,-,74,
mag_cov_software,MAG coverage software,Tool(s) used to determine the genome coverage if coverage is used as a binning parameter in the extraction of genomes from metagenomic datasets,enumeration,[bwa|bbmap|bowtie|other],,1,sequencing,-,-,-,-,-,-,-,-,-,X,-,75,
url,relevant electronic resources,,URL,{URL},,m,sequencing,C,C,C,C,C,C,C,C,C,C,C,76,
sop,relevant standard operating procedures,"Standard operating procedures used in assembly and/or annotation of genomes, metagenomes or environmental sequences",reference to SOP,{PMID}|{DOI}|{URL},,m,sequencing,C,C,C,C,C,C,C,C,C,C,C,77,
biosynthetic_class,biosynthetic class,Chemical class of the compound whose biosynthesis is encoded by the BGC,text option (multiple),[NRP|polyketide|RiPP|terpene|other],,1,gene cluster,-,-,-,-,-,-,-,-,-,-,M,78,
nr_of_loci,number of genomic loci involved,Number of genomic loci involved in the biosynthetic pathway; used to indicate multiple loci in case of split gene clusters,discrete number,{int},,1,gene cluster,-,-,-,-,-,-,-,-,-,-,M,79,
complete,complete / incomplete gene cluster,"Whether the nucleotide sequence of the gene cluster is complete or partial (i.e., genes are missing)",text option (multiple),[complete/incomplete/unknown],,1,gene cluster,-,-,-,-,-,-,-,-,-,-,M,80,
nucl_acc,nucleotide sequence accession number + location(s),GenBank accession number of nucleotide sequence + location,accession number + discrete numbers of start and end sites,"{acc001::start-end,start-end, ...}",,1,gene cluster,-,-,-,-,-,-,-,-,-,-,M,81,
ribo_marker,sequence/accession of/to 16S rRNA sequence of source strain,16S sequence of the strain of origin,text description,{nucleotide sequence},,1,gene cluster,-,-,-,-,-,-,-,-,-,-,M,82,
gene_names,user-defined gene names,"User-defined gene names as used in publication, defined per locus tag / protein ID",gene names,{locus_tag/protein_ID::gene_name; locus_tag/protein_ID::gene_name; …},,1,gene cluster,-,-,-,-,-,-,-,-,-,-,X,83,
subclusters,functional subclusters,"Identified subclusters encoding the biosynthesis of specific chemical moieties. Whenever possible, chemical moiety naming should follow nomenclature in 'chem_moieties'","enumeration of enumerations, genes denoted by locus_tag or gene ID qualifiers",{[moiety1::gene1;gene2;gene3]; [moiety2::gene4;gene5;gene6]; …},,1,gene cluster,-,-,-,-,-,-,-,-,-,-,X,84,
bios_genes,(putative) biosynthetic genes,Genes (putatively) involved in biosynthetic reactions; use locus_tags or protein IDs matching those in the GenBank entry,enumeration,[gene1; gene2; gene3; ...],,1,gene cluster,-,-,-,-,-,-,-,-,-,-,M,85,
transp_genes,(putative) transport-related genes,Genes encoding membrane proteins that are (putatively) involved in compound transport; use locus_tags or protein IDs matching those in the GenBank entry,enumeration,[gene1; gene2; gene3; ...],,1,gene cluster,-,-,-,-,-,-,-,-,-,-,M,86,
reg_genes,(putative) regulatory genes,"Genes (putatively) involved in gene cluster regulation through binding of DNA or signalling (e.g., two-component systems); use locus_tags or protein IDs matching those in the GenBank entry",enumeration,[gene1; gene2; gene3; ...],,1,gene cluster,-,-,-,-,-,-,-,-,-,-,M,87,
resist_genes,(putative) immunity / resistance genes,Genes (putatively) involved in self-resistance against own bioactivity; use locus_tags or protein IDs matching those in the GenBank entry,enumeration,[gene1; gene2; gene3; ...],,1,gene cluster,-,-,-,-,-,-,-,-,-,-,M,88,
operon_arch,operon architecture of the gene cluster,Operons of which the gene cluster consists; genes denoted by locus tag or protein ID,"enumeration of enumerations, genes denoted by locus_tag or gene ID qualifiers","{[gene1;gene2;gene3],[gene4],[gene5;gene6;gene7;…}",,1,gene cluster,-,-,-,-,-,-,-,-,-,-,X,89,
mut_pheno,knockout mutant phenotypes,Observed phenotypes of any gene knockout mutants made; no values given if no knockout mutant was made,enumeration,"{gene1::""phenotype of gene 1""; gene2::""phenotype of gene 2""; …}",,1,gene cluster,-,-,-,-,-,-,-,-,-,-,X,90,
chem_name,compound name(s),"Name(s) of compound(s) produced by the gene cluster, in same order as chemical structures denoted for chem_struct",enumeration,[compound name 1; compound name 2; …],,1,gene cluster,-,-,-,-,-,-,-,-,-,-,M,91,
chem_synonyms,synonyms for compound name(s),Synonyms for the compound name(s),enumeration,{compound name 1::[synonym1; synonym2; synonym3;] …},,1,compound,-,-,-,-,-,-,-,-,-,-,X,92,
mol_mass,exact molecular mass(es),Exact molecular mass(es) of the molecule(s),floating number for each molecule,[compound_name_1::float; compound_name_2::float; ...],,1,compound,-,-,-,-,-,-,-,-,-,-,M,93,
molecular_formulae,molecular formula(e) of the compound(s),Molecular formula of each compound produced by the gene cluster,molecular formula(e),{compound1::molecular_formula1; compound 2::molecular_formula2; …},,1,compound,-,-,-,-,-,-,-,-,-,-,M,94,
chem_struct,compound structure(s),Chemical structure(s) of compound(s) produced by the gene cluster,enumeration of isomeric SMILES strings,[SMILE1; SMILE2; …],,1,compound,-,-,-,-,-,-,-,-,-,-,M,95,
chem_moieties,chemical moieties,"Distinct chemical moieties in compound(s), described as in 'chem_moieties'",enumeration,[moiety1; moiety2; moiety3; …],,1,compound,-,-,-,-,-,-,-,-,-,-,X,96,
chem_act,compound activity,Type of bioactivity observed for compound,text option (multiple),[antibiotic|cytotoxic|siderophore|inhibitor|surfactant|signalling|antioxidant|pigment|structural|none|other],,1,compound,-,-,-,-,-,-,-,-,-,-,X,97,
chem_target,compound molecular target,"Molecular target of the compound. Examples: RNA polymerase, ribosome, lipid A",text description,{text},,1,compound,-,-,-,-,-,-,-,-,-,-,X,98,
publications,(earlier) publications on biosynthesis/chemistry/activity/target,Publications describing the experiments to determine compound activity/toxicity/target,enumeration,[PMID1; PMID2; PMID3; …],,1,compound,-,-,-,-,-,-,-,-,-,-,X,99,
tailoring_reactions,"number and types of tailoring reactions performed on core scaffold, and the enzymes involved","For each tailoring reaction, specify the type (from a multiple-choice list, the enzymes involved, and the evidence for this involvement)",,{[oxidation|reduction|methylation|glycosylation|amination|halogenation|sulfation|prenylation|acylation|acetylation|phosphorylation|hydroxylation|dehydration|deoxygenation|epimerization|other]:[gene1]; [oxidation|reduction|methylation|glycosylation|amination|halogenation|sulfation|prenylation|acylation|acetylation|phosphorylation|hydroxylation|dehydration|deoxygenation|epimerization|other]:[gene2]; ...},,1,compound / gene cluster,-,-,-,-,-,-,-,-,-,-,M,100,
conn_comp_cluster,evidence for compound-cluster connection,Evidence that the gene cluster encodes the biosynthesis of the specified compound(s),text option (multiple),[knock-out|transcriptomic analysis|prediction|other],,1,compound / gene cluster,-,-,-,-,-,-,-,-,-,-,M,101,
